time,Detuning [Hz]
0.0,-0.4424088600307296
9.490357641929459e-05,-0.38962403801314427
0.00018980715283829774,-0.3670824770470287
0.00028471072925759233,-0.4932526032079598
0.0003796143056768869,-0.38480264856032487
0.0004745178820958901,-0.3826111079780342
0.0005694214585151847,-0.46219534135266516
0.0006643250349341878,-0.32394043388137667
0.0007592286113534824,-0.4409060892772959
0.0008541321877724856,-0.38943619170838484
0.0009490357641917802,-0.36006954691798665
0.0010439393406110956,-0.38686895832198187
0.0011388429170300987,-0.48542567230194567
0.0012337464934493933,-0.316113503008912
0.0013286500698683965,-0.3707767884028893
0.001423553646287691,-0.33771583227005686
0.0015184572227066942,-0.1982086158006702
0.0016133607991259888,-0.3367139850943933
0.001708264375544992,-0.2231921793191222
0.0018031679519642865,-0.12651392874908668
0.0018980715283835811,-0.16301873452270352
0.0019929751048025843,-0.1440462539643334
0.0020878786812218997,0.03497130963792629
0.002182782257640882,-0.14673871816465364
0.0022776858340601974,-0.027769368477783295
0.002372589410479492,0.06646687963384779
0.002467492986898495,-0.05262770106153335
0.0025623965633177898,0.13797372031357294
0.002657300139736793,0.1302094049118142
0.0027522037161560875,0.0776124292258147
0.0028471072925750907,0.19620608622935737
0.0029420108689943852,0.15932558787977125
0.00303691444541368,0.24661152128609695
0.003131818021832683,0.23083242849910734
0.0032267215982519984,0.3064092734260276
0.0033216251746709807,0.3336469929169573
0.003416528751090296,0.37397134096100704
0.0035114323275092993,0.30584573433058215
0.003606335903928594,0.44316141013044946
0.0037012394803478885,0.43245416865896663
0.0037961430567668916,0.3846785823653909
0.003891046633186186,0.5225577971935981
0.003985950209605189,0.4890585329469914
0.004080853786024484,0.49920223549078285
0.004175757362443487,0.6158548135197528
0.004270660938862782,0.525187646010441
0.004365564515281785,0.5814789330791473
0.0044604680917011,0.6874868851945689
0.004555371668120395,0.5936263298132347
0.004650275244539398,0.625873285175805
0.004745178820958693,0.7460323283833642
0.004840082397377696,0.6184220468725997
0.00493498597379699,0.7059584421147798
0.0050298895502159935,0.7807839016414952
0.005124793126635288,0.6748385648692915
0.005219696703054583,0.7422127861129313
0.005314600279473586,0.7357007795348199
0.005409503855892589,0.778780207323698
0.0055044074323118836,0.8204820951059738
0.005599311008731199,0.7712663536236023
0.005694214585150181,0.8206073260540956
0.005789118161569497,0.840769500005673
0.0058840217379885,0.7984414576840855
0.0059789253144077945,0.7974396105956442
0.006073828890827089,0.8578635171742379
0.006168732467246092,0.7586806486683823
0.006263636043665095,0.9318123603392071
0.00635853962008439,0.7747102031905778
0.0064534431965036845,0.7601834195157611
0.006548346772922688,0.8661913715573738
0.006643250349341982,0.7692000438954948
0.006738153925760985,0.8296865658709857
0.00683305750218028,0.8632484456218477
0.006927961078599595,0.8293734886449442
0.007022864655018599,0.8208577878295609
0.007117768231437893,0.7719551235396813
0.007212671807857188,0.81115239341297
0.007307575384276191,0.7296896966888063
0.007402478960695194,0.7460323283565246
0.007497382537114489,0.7685738894031523
0.007592286113533783,0.7254318462240805
0.007687189689952786,0.6789711844328647
0.007782093266372081,0.7244299991020896
0.007876996842791084,0.6625033218036049
0.0079719004192104,0.6153538899755321
0.008066803995629382,0.7662571178660367
0.008161707572048697,0.6192047400014475
0.008256611148467992,0.6450649196803423
0.008351514724886995,0.6005766445520896
0.008446418301305998,0.5312613443204572
0.008541321877725293,0.5572467549541902
0.008636225454144587,0.5618802981559228
0.008731129030563882,0.5109113240372873
0.008826032606982885,0.4254412385903137
0.008920936183401888,0.43170278323862565
0.009015839759821183,0.4376512508286566
0.009110743336240498,0.40966214585029337
0.00920564691265948,0.43664940362614035
0.009300550489078796,0.3706527222079553
0.0093954540654978,0.3472345449941682
0.009490357641917094,0.2722212392163726
0.009585261218336388,0.28386771236598
0.009680164794755391,0.2534992204737337
0.009775068371174395,0.13747279674251264
0.00986997194759369,0.23127073668669038
0.009964875524012984,0.14066618449376347
0.010059779100431987,0.0659659560426578
0.010154682676851282,0.1411671080581139
0.010249586253270597,0.10052968289537448
0.0103444898296896,9.450557930433432e-05
0.010439393406108895,0.10109322182307899
0.010534296982527898,0.004289740499508782
0.010629200558947192,-0.0893829685569363
0.010724104135366196,0.018127754318635503
0.01081900771178549,-0.15406472553986686
0.010913911288204785,-0.15782165242011256
0.011008814864623788,-0.11643284167601428
0.011103718441042791,-0.26470622088385415
0.011198622017462086,-0.2771666948104402
0.01129352559388138,-0.20947939633404894
0.011388429170300696,-0.31968258347033
0.011483332746719699,-0.34466614692168307
0.011578236323138681,-0.21599140286519108
0.011673139899557997,-0.3531192323401759
0.011768043475977291,-0.40947313481247594
0.011862947052396294,-0.35487246486236496
0.011957850628815589,-0.46488780560665804
0.012052754205234883,-0.4917498324545261
0.012147657781653887,-0.4350828526823625
0.01224256135807289,-0.6028296358653182
0.012337464934492184,-0.555868050449363
0.012432368510911188,-0.5600006699257077
0.012527272087330482,-0.5605015935168978
0.012622175663749798,-0.6275627375277928
0.01271707924016878,-0.5886159293158947
0.012811982816588095,-0.6571172285960977
0.012906886393007098,-0.632916358240043
0.013001789969426393,-0.7058633543165708
0.013096693545845396,-0.6943108042052748
0.01319159712226469,-0.7026386587293185
0.013286500698683985,-0.7690736482478645
0.013381404275102989,-0.8189155442091587
0.013476307851522283,-0.7783407344500328
0.013571211427941286,-0.7938067498902027
0.01366611500436058,-0.860116508527726
0.013761018580779584,-0.7931805954045702
0.0138559221571989,-0.8289340157444394
0.013950825733618194,-0.8339432515892337
0.014045729310037197,-0.8171623117205126
0.014140632886456492,-0.9184114898940866
0.014235536462875495,-0.8357590994881966
0.01433044003929479,-0.9480285964398139
0.014425343615714084,-0.8911737703092183
0.014520247192133087,-0.9425184371246013
0.014615150768552382,-0.9366952004894085
0.014710054344971385,-0.9681281549542284
0.0148049579213907,-0.9492182899135335
0.014899861497809683,-0.909019172784056
0.014994765074228998,-0.9755793932104644
0.015089668650648293,-0.8719508280424818
0.015184572227067296,-0.9504705988646688
0.015279475803486299,-0.9854726338781356
0.015374379379905594,-0.9242973418657874
0.015469282956324888,-0.983531555010921
0.015564186532743891,-0.9659992297487051
0.015659090109163186,-0.9293065777642674
0.01575399368558219,-0.979837243554412
0.015848897262001484,-1.0159663566245716
0.015943800838420487,-0.8877299207556626
0.01603870441483978,-0.9605516858907851
0.016133607991258785,-0.9835941704145346
0.0162285115676781,-0.8445252621528542
0.016323415144097395,-0.940013819121682
0.016418318720516398,-0.9679403086695987
0.016513222296935692,-0.8710742117612543
0.016608125873354695,-0.9144041012920548
0.01670302944977399,-0.9241721110183141
0.016797933026192993,-0.8681312857519193
0.016892836602612288,-0.892801771963811
0.016987740179031582,-0.8869159199854004
0.017082643755450586,-0.8368235621815419
0.01717754733186988,-0.8325657117168161
0.017272450908288883,-0.8470924955392506
0.0173673544847082,-0.747033010779007
0.017462258061127493,-0.7579280986693174
0.017557161637546496,-0.8733909832916668
0.0176520652139655,-0.6981929619195739
0.017746968790384794,-0.7267456059598331
0.01784187236680409,-0.7827864311725486
0.017936775943223092,-0.6803475595185451
0.018031679519642387,-0.6350765910936971
0.01812658309606168,-0.7804696597092353
0.018221486672480684,-0.5502952756030555
0.0183163902489,-0.636015822912723
0.018411293825318982,-0.633761666759078
0.018506197401738297,-0.5051495382001315
0.0186011009781573,-0.5761554552886666
0.018696004554576595,-0.5234958642594493
0.0187909081309956,-0.4966964527145528
0.018885811707414893,-0.48949567633442403
0.018980715283834187,-0.47196335116614657
0.01907561886025319,-0.3868063429183749
0.019170522436672485,-0.39976774046969393
0.01926542601309149,-0.4194289909575629
0.019360329589510783,-0.2878739362416637
0.019455233165929786,-0.30384087534012255
0.01955013674234908,-0.2560652890800963
0.019645040318768396,-0.25180743870930905
0.0197399438951874,-0.22206510122217654
0.01983484747160638,-0.2118587833620068
0.019929751048025697,-0.15462826458163306
0.02002465462444499,-0.1246354653056089
0.020119558200863995,-0.12826716130483184
0.02021446177728329,-0.05701078233347301
0.020309365353702293,-0.07748603360502401
0.020404268930121587,-0.06840679361367655
0.02049917250654088,0.13872510564667875
0.020594076082959885,0.039855314534611976
0.0206889796593792,0.08024227804265767
0.020783883235798183,0.23696874234691528
0.020878786812217498,0.13096079027175303
0.02097369038863648,0.20760209765717866
0.021068593965055796,0.1869390000540287
0.02116349754147509,0.2739118562276095
0.021258401117894093,0.246987213942585
0.021353304694313388,0.301024344964998
0.02144820827073239,0.42443939138780407
0.021543111847151686,0.3412234620340864
0.02163801542357098,0.40840983691257127
0.021732918999989984,0.5244362606236626
0.021827822576408987,0.45374342071419965
0.02192272615282828,0.5493572086378592
0.022017629729247597,0.5883666322332214
0.0221125333056666,0.5853610907666134
0.022207436882085894,0.5627569143230755
0.022302340458504898,0.6963156632292838
0.022397244034924192,0.6133501957583964
0.022492147611343487,0.6680134811121078
0.02258705118776249,0.793745299105579
0.022681954764181785,0.6889270405578221
0.022776858340600788,0.8053917723491315
0.02287176191701979,0.8311893366311358
0.022966665493439085,0.7847286747594013
0.02306156906985838,0.8797789237016838
0.023156472646277695,0.8914253967976119
0.0232513762226967,0.8956832472489179
0.02334627979911568,0.8299996431708361
0.023441183375534996,0.8717015309463955
0.02353608695195429,0.8299996430903238
0.023630990528373294,0.8816573870847725
0.02372589410479259,0.830500566668094
0.023820797681211883,0.8737678407147623
0.023915701257630886,0.8547327447729149
0.02401060483404989,0.7935574528410856
0.024105508410469184,0.907204489551052
0.0242004119868885,0.823675482964583
0.024295315563307482,0.8884198553578304
0.024390219139726797,0.9176612692806191
0.0244851227161458,0.8406442690843843
0.024580026292565095,0.8469058139407096
0.024674929868984098,0.9020700228990374
0.024769833445403393,0.8351341097825848
0.024864737021822396,0.84339934878896
0.02495964059824169,0.9201032716853443
0.025054544174660985,0.8007582293419859
0.025149447751079988,0.8393293447363519
0.02524435132749899,0.86932214398553
0.025339254903918598,0.8289977958945175
0.02543415848033758,0.8629979838195428
0.025529062056756896,0.8316902601552268
0.0256239656331759,0.9387626750042531
0.025718869209595194,0.8641876772127436
0.02581377278601449,0.8063310041144848
0.02590867636243349,0.887418008269389
0.026003579938852495,0.8128430105852378
0.02609848351527179,0.8374508813398499
0.026193387091691084,0.8358854951760929
0.026288290668110087,0.763877730851492
0.02638319424452909,0.7330083153076601
0.026478097820948385,0.8147214739951661
0.0265730013973677,0.7422754015903471
0.026667904973786682,0.7336344698402619
0.026762808550205998,0.815911167509145
0.026857712126625292,0.687612116115851
0.026952615703044296,0.7620618828049113
0.02704751927946359,0.6245583607204143
0.027142422855882593,0.7006987446220017
0.027237326432301888,0.6276265177248402
0.02733223000872089,0.6033317240687881
0.027427133585140186,0.6030812624275143
0.02752203716155948,0.5270661093599868
0.027616940737978483,0.5288819573663082
0.0277118443143978,0.5554309071089063
0.02780674789081678,0.48630345324242236
0.027901651467235784,0.4623217370069988
0.0279965550436551,0.5618802979881687
0.028091458620074394,0.4360232492143233
0.028186362196493397,0.3567520929449557
0.028281265772912692,0.490811765509453
0.028376169349331695,0.2746632416881968
0.02847107292575099,0.30302803915530063
0.028565976502170284,0.3739713409744268
0.028660880078589288,0.16264420651875475
0.028755783655008582,0.20653763507119174
0.028850687231427898,0.2010900911864256
0.02894559080784688,0.1494949626089972
0.029040494384265883,0.1113621552814361
0.0291353979606852,0.23678089605558225
0.029230301537104493,0.05544656083567497
0.029325205113523496,0.08806920892854213
0.02942010868994279,0.03371900068679747
0.029515012266361794,-0.0023474968589769396
0.02960991584278109,-0.01236596846805989
0.02970481941920009,-0.13847347921867417
0.029799722995619386,-0.07585803193030162
0.02989462657203868,-0.17635582475735015
0.029989530148457684,-0.17742028739702279
0.030084433724877,-0.16320658091469156
0.030179337301295982,-0.20766354832772757
0.030274240877715297,-0.23928434922479497
0.030369144454134592,-0.24930282079361854
0.030464048030553595,-0.2560026735825508
0.03055895160697289,-0.34742122667322795
0.030653855183391893,-0.28242639231663813
0.030748758759810896,-0.3962612754118828
0.03084366233623019,-0.476909971473136
0.030938565912649485,-0.3752224851589547
0.031033469489068488,-0.44779378855886465
0.031128373065487783,-0.5687668325635257
0.031223276641906786,-0.45793749086780317
0.03131818021832608,-0.5365824927253405
0.031413083794745396,-0.5598754390111356
0.0315079873711644,-0.49275167964360944
0.031602890947583694,-0.562880980518016
0.0316977945240027,-0.7020125042906552
0.03179269810042199,-0.5187370901901137
0.031887601676841286,-0.6859829497483366
0.03198250525326029,-0.7356369994719638
0.032077408829679584,-0.7012611188166415
0.03217231240609859,-0.7059572774286911
0.03226721598251788,-0.8121530759696503
0.032362119558936885,-0.7480974733649939
0.0324570231353562,-0.7762118092579293
0.032551926711775495,-0.7916152091602944
0.0326468302881945,-0.7209849847752164
0.03274173386461348,-0.8437112613825919
0.032836637441032795,-0.821795854794757
0.03293154101745209,-0.7742707303907148
0.033026444593871385,-0.8862897653856996
0.03312134817029039,-0.89298961829541
0.03321625174670968,-0.8574240442871529
0.033311155323128686,-0.9229824174774957
0.03340605889954798,-0.917534873619569
0.03350096247596698,-0.8572988133859873
0.0335958660523863,-0.950157521658757
0.03369076962880528,-0.9609899939709966
0.033785673205224596,-0.793994596201672
0.0338805767816436,-0.946588441197339
0.03397548035806258,-0.91947595248679
0.03407038393448219,-0.9060136313174348
0.03416528751090119,-0.954603218374563
0.034260191087320487,-0.958047067975088
0.03435509466373949,-0.9244225728071992
0.034449998240158784,-0.8953063898795015
0.03454490181657779,-1.0210382079669245
0.03463980539299708,-0.8959951597888641
0.034734708969416085,-0.9879772516998875
0.0348296125458354,-0.9349419679940524
0.034924516122254695,-0.842521567801514
0.0350194196986737,-0.9767064712537374
0.03511432327509299,-0.8810926833434977
0.035209226851511996,-0.8566100434900445
0.03530413042793129,-0.9611778403026022
0.035399034004350294,-0.9030707053215197
0.0354939375807693,-0.8564221970510872
0.03558884115718888,-0.9189124134383073
0.035683744733607886,-0.882658069493835
0.03577864831002689,-0.8065176857667049
0.035873551886446184,-0.9129013305319047
0.0359684554628655,-0.7963113677320844
0.036063359039284794,-0.7977515231154672
0.0361582626157038,-0.8122783068708027
0.0362531661921228,-0.7735819604008269
0.036348069768542386,-0.726369913242956
0.0364429733449611,-0.7944955198197016
0.03653787692138039,-0.7582411759289084
0.03663278049779969,-0.719294367643208
0.03672768407421869,-0.7385173099703335
0.036822587650637985,-0.7243662189989741
0.03691749122705699,-0.6202367301190235
0.03701239480347599,-0.6946864969557014
0.0371072983798956,-0.6027670203946124
0.03720220195631458,-0.5536138943292676
0.037297105532733583,-0.5648220593718106
0.03739200910915319,-0.5681406780980228
0.037486912685572193,-0.5512345073281493
0.03758181626199149,-0.49619552924414095
0.03767671983841049,-0.5498569674288921
0.037771623414829494,-0.45161333082258764
0.03786652699124879,-0.42193360875247526
0.037961430567668084,-0.4158599103753667
0.03805633414408709,-0.4079077487493673
0.03815123772050638,-0.30352779801343915
0.038246141296925384,-0.37309355998698085
0.0383410448733447,-0.24554589393350254
0.03843594844976368,-0.2720322280980364
0.038530852026182685,-0.2534980557742186
0.03862575560260229,-0.2449197394679997
0.038720659179021295,-0.12695223688970045
0.0388155627554403,-0.21223447605205092
0.03891046633185959,-0.15681980518404687
0.03900536990827889,-0.04022984251843107
0.03910027348469818,-0.046929695320789666
0.039195177061117185,-0.09733513037081279
0.03929008063753648,0.07341719424521462
0.03938498421395548,0.04254777876848169
0.0394798877903748,0.07260319334075445
0.03957479136679378,0.13684664226358348
0.039669694943213096,0.18593715293874769
0.0397645985196321,0.12044139516542521
0.039859502096051394,0.23627997249122532
0.0399544056724704,0.16702728792489235
0.04004930924888969,0.2464862902708697
0.040144212825308695,0.36589394829965727
0.04023911640172799,0.23584166433048842
0.040334019978147284,0.4008959832191854
0.04042892355456629,0.4710252841606844
0.04052382713098558,0.4077836824604882
0.0406187307074049,0.4054669109032362
0.0407136342838239,0.5879909395431905
0.04080853786024288,0.5438470492555475
0.0409034414366622,0.5271287249246313
0.04099834501308149,0.615103428186647
0.041093248589500496,0.5838583201138151
0.04118815216591979,0.6689527127969422
0.041283055742338794,0.6104698850855562
0.04137795931875809,0.7351372405869923
0.04147286289517709,0.7219879966369753
0.041567766471596386,0.7391446291688943
0.04166267004801568,0.8370125731790999
0.041757573624434684,0.7877342163468006
0.041852477200854,0.8421470397908553
0.04194738077727298,0.9249246611582869
0.0420422843536923,0.8375761121336375
0.04213718793011159,0.7911154504497802
0.042232091506530595,0.9078306440031351
0.0423269950829496,0.8499113553133857
0.042421898659369184,0.8102131618086542
0.04251680223578819,0.8708875302432322
0.04261170581220719,0.7896752950529775
0.042706609388626485,0.8730790708053932
0.04280151296504549,0.8347584171730726
0.04289641654146478,0.8136570113689199
0.0429913201178841,0.8800920009612747
0.04308622369430279,0.8010713064807988
0.043181127270722396,0.9206668107069809
0.0432760308471414,0.8293108732480536
0.04337093442356069,0.8241137909642889
0.04346583799997999,0.8945561692727438
0.04356074157639899,0.8391414984047529
0.043655645152818286,0.8063936194912521
0.04375054872923729,0.888106778192178
0.04384545230565629,0.7856052910003695
0.04394035588207559,0.8205447107041678
0.04403525945849488,0.9040737171430191
0.0441301630349142,0.818290554537103
0.0442250666113332,0.8584270561489052
0.04431997018775218,0.8743939951936849
0.0444148737641715,0.8357602642883537
0.04450977734059079,0.8472188911197819
0.044604680917009795,0.8460918130496693
0.04469958449342909,0.8678193732924853
0.04479448806984809,0.80307500076504
0.044889391646267096,0.8372004196448969
0.04498429522268668,0.8092113146262743
0.045079198799105685,0.7493509470559037
0.04517410237552498,0.7387689364520172
0.04526900595194398,0.813343934230107
0.0453639095283633,0.7793437462916619
0.04545881310478228,0.7633141919103676
0.045553716681201596,0.8389536521268331
0.0456486202576206,0.7086509062882604
0.045743523834039894,0.6454719200990295
0.0458384274104589,0.8095243919663906
0.04593333098687819,0.6127866566025554
0.046028234563297486,0.6477886916697012
0.04612313813971649,0.6426542250042602
0.046218041716135784,0.5735267712719807
0.04631294529255479,0.5955047931963234
0.04640784886897408,0.5753426193051416
0.046502752445393085,0.5442853573626117
0.0465976560218124,0.5277548793767143
0.046692559598231695,0.5248745687173005
0.04678746317465099,0.49331638341172374
0.04688236675106968,0.4999536207299501
0.046977270327488996,0.4139199962546301
0.04707217390390829,0.41498445896139513
0.047167077480327294,0.4156732287768257
0.04726198105674659,0.2893152562239066
0.04735688463316559,0.2838677123928196
0.047451788209584886,0.3032785009441923
0.04754669178600418,0.2206261107865619
0.047641595362423184,0.25662999282137106
0.0477364989388425,0.1883165398996066
0.04783140251526148,0.19219869771455422
0.0479263060916808,0.21843456996942487
0.0480212096680998,0.19839762684519752
0.048116113244519094,0.035284386904233744
0.04821101682093839,0.12332170575773348
0.04830592039735739,-0.03985414982839353
0.04840082397377669,-0.027706752993657588
0.04849572755019598,0.05851471773274264
0.048590631126614985,-0.15663195885245446
0.04868553470303399,-0.09514358975497264
0.04878043827945328,-0.12281961732612712
0.048875341855872285,-0.15337595569088677
0.04897024543229158,-0.2159287873475159
0.049065149008710895,-0.08487465634359136
0.0491600525851299,-0.25249620853815946
0.04925495616154919,-0.2518074387898278
0.049349859737968196,-0.228264030500431
0.04944476331438749,-0.3623863185087881
0.049539666890806786,-0.3896240380533905
0.04963457046722579,-0.33796629400526274
0.04972947404364508,-0.4387145487017086
0.04982437762006438,-0.45981595437167
0.04991928119648309,-0.46394857396208294
0.050014184772902384,-0.47359135277377
0.05010908834932168,-0.5105344666141918
0.05020399192574068,-0.5017683039763738
0.050298895502159977,-0.5105970821654164
0.05039379907857927,-0.5505457374858791
0.05048870265499861,-0.5745274536542102
0.05058360623141761,-0.6479127580122596
0.05067850980783657,-0.6050211764945782
0.05077341338425591,-0.6950621896591587
0.05086831696067487,-0.6795335588556413
0.050963220537094206,-0.7575524059792799
0.0510581241135135,-0.7534197864022867
0.051153027689932504,-0.7117805140571739
0.0512479312663518,-0.736451000309325
0.05134283484277109,-0.8137810775638539
0.051437738419190096,-0.7095263578901091
0.05153264199560939,-0.7638765661050142
0.051627545572028394,-0.8592398922934743
0.0517224491484474,-0.7807827368883075
0.05181735272486669,-0.8463411100383974
0.051912256301285695,-0.8991259322505828
0.05200715987770499,-0.8565474280461782
0.052102063454124284,-0.9144667167090815
0.05219696703054329,-0.9134648695535478
0.05229187060696258,-0.922293647594966
0.052386774183381876,-0.9065145549891437
0.05248167775980088,-0.9245478037351913
0.052576581336220174,-0.8313134027992303
0.05267148491263918,-0.883659916609116
0.05276638848905847,-1.0019404965141052
0.05286129206547781,-0.8673799003986838
0.05295619564189677,-0.9377596630485557
0.05305109921831577,-1.0110823518956398
0.0531460027947354,-0.9155937947523546
0.05324090637115407,-0.966562768810601
0.05333580994757341,-1.0346883754410259
0.05343071352399241,-0.9073911711093402
0.053525617100411704,-0.9245478038157166
0.053620520676831,-0.9642459972130897
0.05371542425325,-0.9178479509328392
0.0538103278296693,-0.8768974483763174
0.05390523140608859,-1.0140252777841967
0.054000134982507594,-0.879464681682195
0.05409503855892689,-0.8984371622741147
0.05418994213534589,-0.9733878525812044
0.05428484571176519,-0.8953690053367876
0.05437974928818419,-0.9247356501338893
0.054474652864603484,-0.9695683103309013
0.05456955644102278,-0.8557960426661098
0.05466446001744178,-0.8810926833703373
0.05475936359386108,-0.8974353151319941
0.05485426717028037,-0.7658176449856484
0.05494917074669908,-0.8569857361800821
0.05504407432311838,-0.8650005135183437
0.05513897789953767,-0.752918862797677
0.055233881475956675,-0.8031990670539125
0.05532878505237597,-0.8256780125023463
0.055423688628795306,-0.788860129630176
0.05551859220521431,-0.7028891205182036
0.055613495781633604,-0.8370114085399805
0.05570839935805261,-0.6661964684800802
0.0558033029344719,-0.7037657368665301
0.055898206510891196,-0.7014489652690187
0.0559931100873102,-0.5950027048586557
0.0560880136637292,-0.6561779970320413
0.0561829172401485,-0.6558023041809663
0.05627782081656779,-0.541028189535085
0.056372724392987086,-0.5615034407395371
0.0564676279694058,-0.6239310414950138
0.056562531545825384,-0.500390764224741
0.05665743512224439,-0.5046486145955217
0.05675233869866339,-0.5287555618528759
0.056847242275082685,-0.4007695875849749
0.05694214585150198,-0.44516393980912067
0.05703704942792098,-0.39576035190121156
0.05713195300434028,-0.30628287782536656
0.05722685658075928,-0.3620106258053308
0.057321760157178575,-0.3403456811674186
0.05741666373359787,-0.2143634012776908
0.05751156731001687,-0.26163806387943467
0.05760647088643621,-0.24817574285770386
0.05770137446285517,-0.15744595971665523
0.05779627803927451,-0.21085693627356542
0.0578911816156938,-0.12238130916538367
0.05798608519211247,-0.09664636044802383
0.0580809887685321,-0.10697790938379675
0.0581758923449511,-0.003975498520279538
0.058270795921370105,0.0693471901523472
0.0583656994977894,-0.008233349078943877
0.058460603074208695,0.16339559197934858
0.0585555066506277,0.08650382261716728
0.05865041022704699,0.10747999749332807
0.058745313803465996,0.15863681784291406
0.05884021737988529,0.1667768260420687
0.058935120956304585,0.28349201963568305
0.05903002453272359,0.2499927554360457
0.05912492810914288,0.27115677652302733
0.05921983168556218,0.33677776526460124
0.05931473526198118,0.3614482513557148
0.05940963883840018,0.39607459382676163
0.05950454241481948,0.49713592564860054
0.05959944599123877,0.48148206371580066
0.059694349567657776,0.4206198491240811
0.05978925314407678,0.5919357126946461
0.05988415672049607,0.5559944459560855
0.05997906029691541,0.5110365548176616
0.06007396387333437,0.703641670483719
0.06016886744975371,0.5907460192209265
0.06026377102617271,0.6887391941054449
0.060358674602592005,0.6878625778778966
0.0604535781790113,0.7224889201476465
0.0605484817554303,0.7630637299201988
0.0606433853318496,0.8180400925871804
0.0607382889082686,0.8384527286295818
0.060833192484687895,0.8192924015450256
0.06092809606110719,0.8717015309329756
0.06102299963752619,0.8750827650493749
0.06111790321394549,0.823863329229083
0.06121280679036449,0.7983162267091242
0.061307710366783494,0.8356350333469418
0.06140261394320279,0.8857900066215062
0.06149751751962208,0.7629384990324596
0.061592421096041086,0.8993775585846489
0.06168732467246038,0.8279959487926564
0.061782228248879384,0.8154102438240165
0.06187713182529897,0.9281180488357288
0.06197203540171797,0.7925556057258045
0.062066938978136976,0.8671932187196241
0.06216184255455627,0.888545086312662
0.06225674613097561,0.8529168967665935
0.06235164970739461,0.805391772282026
0.062446553283813905,0.9007550984839059
0.06254145686023291,0.8037011552171165
0.0626363604366522,0.7993806893622101
0.0627312640130712,0.8492225853637636
0.06282616758949021,0.8463422748788137
0.0629210711659095,0.8733295325674386
0.0630159747423288,0.8471562757027551
0.0631108783187478,0.8909244732601012
0.0632057818951671,0.8872927771937726
0.06330068547158639,0.798441457717635
0.06339558904800568,0.9234218903847169
0.06349049262442469,0.8099000845222236
0.06358539620084369,0.7865445227120436
0.06368029977726299,0.8699482983571007
0.06377520335368199,0.8025114617299837
0.06387010693010128,0.7943088381674814
0.06396501050652058,0.8482207381813837
0.06405991408293958,0.7485995616489824
0.06415481765935888,0.7775905137963058
0.06424972123577788,0.8693221439452771
0.06434462481219688,0.7688243510645494
0.06443952838861618,0.7775278982987603
0.06453443196503547,0.7435903258310212
0.06462933554145447,0.7072107511061745
0.06472423911787381,0.6845439591516844
0.06481914269429277,0.6260611314268918
0.0649140462707124,0.7001352055064266
0.0650089498471314,0.6102194233235173
0.0651038534235504,0.601703722447745
0.0651987569999697,0.6081531135685703
0.065293660576389,0.6039578785208712
0.065388564152808,0.5529262890187585
0.0654834677292273,0.6211771265369225
0.065578371305646,0.5461638208396391
0.06567327488206559,0.43132709054859464
0.0657681784584846,0.5453498198814998
0.0658630820349036,0.4112901474243673
0.06595798561132289,0.39638767108635264
0.06605288918774219,0.43383170847770497
0.06614779276416119,0.2818014025707735
0.06624269634058048,0.31880713190874077
0.06633759991699949,0.32782375624150517
0.06643250349341907,0.24711244469611315
0.06652740706983808,0.2538749131033756
0.06662231064625708,0.29463756936855784
0.06671721422267637,0.2298931968008531
0.06681211779909538,0.13534387149002008
0.06690702137551467,0.22125226505076784
0.06700192495193401,0.034470385959514196
0.06709682852835297,0.10052968290209092
0.0671917321047723,0.0054794339732283405
0.0672866356811916,0.017814677018785113
0.06738153925761027,-0.033843066908577614
0.0674764428340296,-0.16308135000011934
0.0675713464104489,-0.005353038406116836
0.0676662499868679,-0.12557469704412252
0.06776115356328749,-0.13596886137008263
0.0678560571397065,-0.08086726782878165
0.06795096071612579,-0.17309982142132516
0.06804586429254479,-0.23001726311657178
0.0681407678689638,-0.215302632922279
0.06823567144538309,-0.280986237121139
0.06833057502180238,-0.38599234221521167
0.06842547859822139,-0.2754134622010159
0.06852038217464068,-0.3931931187563714
0.06861528575105968,-0.4857387495145674
0.06871018932747898,-0.34435306969564156
0.06880509290389798,-0.48066689837351795
0.06889999648031728,-0.45349179420567637
0.06899490005673657,-0.42475130408879436
0.06908980363315557,-0.49137413981145783
0.06918470720957458,-0.5640706740722544
0.06927961078599387,-0.49607029842350076
0.06937451436241321,-0.6245571960141958
0.0694694179388325,-0.6891137222637214
0.0695643215152515,-0.5736508374266553
0.0696592250916708,-0.7226129864499389
0.0697541286680898,-0.7450919318581133
0.0698490322445091,-0.6479127580525124
0.0699439358209281,-0.7690110328509675
0.0700388393973474,-0.7204840611303474
0.0701337429737664,-0.6413381359902752
0.0702286465501857,-0.816974465496272
0.07032355012660499,-0.7730184213523573
0.07041845370302399,-0.7228008328620567
0.07051335727944329,-0.8500980368448342
0.07060826085586229,-0.8704480573360108
0.07070316443228158,-0.8159726181931204
0.07079806800870059,-0.9301205785345297
0.07089297158511959,-0.895494236345305
0.07098787516153918,-0.8427094141196931
0.07108277873795818,-0.9242347265024399
0.07117768231437718,-0.8853505337411245
0.07127258589079648,-0.8115269214773078
0.07136748946721577,-0.9304962713319256
0.07146239304363478,-0.879402066224909
0.07155729662005407,-0.9019436272916664
0.07165220019647307,-0.9717598509467414
0.07174710377289241,-0.912024714237264
0.07184200734931137,-0.9340027362152793
0.07193691092573071,-1.015402817670034
0.07203181450215,-0.9448978241458492
0.072126718078569,-0.9129639459891974
0.0722216216549883,-0.9968060298084113
0.0723165252314073,-0.9533509094703969
0.0724114288078266,-0.8601165083465587
0.07250633238424589,-0.9389493566967326
0.0726012359606649,-0.9316859646446142
0.0726961395370839,-0.9317485801555728
0.07279104311350319,-0.9144667167090815
0.07288594668992249,-0.9405773581835779
0.07298085026634149,-0.9198516452439199
0.07307575384276079,-0.9083304029015264
0.07317065741917979,-0.9830932469441227
0.07326556099559908,-0.878901142700818
0.07336046457201838,-0.9287430386755254
0.07345536814843709,-0.8413318743412143
0.07355027172485638,-0.8195416988289892
0.07364517530127568,-0.8802786824658771
0.07374007887769468,-0.8366983313206554
0.07383498245411431,-0.8309377100286739
0.07392988603053327,-0.85316619386268
0.0740247896069526,-0.7913647474787676
0.07411969318337161,-0.7865433580863439
0.07421459675979057,-0.7918656711236367
0.07430950033620991,-0.813092307600799
0.0744044039126292,-0.7373276165234601
0.0744993074890482,-0.7492245515827242
0.0745942110654675,-0.7396443879599274
0.0746891146418865,-0.6832904855412999
0.0747840182183058,-0.6210507310369034
0.07487892179472509,-0.654863072549811
0.0749738253711441,-0.6336364358579255
0.07506872894756339,-0.5810394602457348
0.0751636325239824,-0.6506052220985116
0.0752585361004014,-0.5517354309595986
0.07535343967682098,-0.5407151122352282
0.07544834325323999,-0.5506709683736117
0.07554324682965928,-0.5141661625731553
0.07563815040607828,-0.44403686172558826
0.07573305398249758,-0.4246260729460856
0.07582795755891658,-0.43952854971353367
0.07592286113533588,-0.33496075252522184
0.07601776471175488,-0.3643273973223234
0.07611266828817417,-0.3737197144390573
0.07620757186459318,-0.25318497860856615
0.07630247544101247,-0.2673360696067651
0.07639737901743181,-0.35180430790490824
0.07649228259385081,-0.12225607845210834
0.0765871861702701,-0.2223781784683412
0.07668208974668911,-0.20365615975924523
0.07677699332310807,-0.09276420275385436
0.0768718968995274,-0.03891491817039865
0.0769668004759467,-0.11317683851444006
0.077061704052366,0.05820164052683081
0.07715660762878529,0.012868056711789139
0.077251511205204,-0.03140106443674685
0.0773464147816233,0.14004003006181012
0.07744131835804259,0.08813182429188968
0.0775362219344616,0.08212074137206066
0.07763112551088089,0.20685071234420255
0.07772602908729989,0.17942514632037687
0.07782093266371919,0.21649349108879065
0.07791583624013848,0.2856209449552746
0.07801073981655748,0.2931347984876295
0.07810564339297678,0.3431645408073557
0.07820054696939578,0.39137843528181115
0.07829545054581508,0.3938830529693652
0.07839035412223437,0.4720897467600977
0.07848525769865337,0.45073787928783793
0.07858016127507271,0.4853642215575879
0.07867506485149167,0.5085945524129364
0.07876996842791067,0.5627569143230755
0.07886487200432997,0.5847975516644516
0.0789597755807493,0.6434682257611092
0.07905467915716831,0.5985103344884873
0.0791495827335876,0.6968792022643402
0.0792444863100066,0.7222384584661198
0.07933938988642619,0.7193581477396136
0.0794342934628452,0.846843198456584
0.0795291970392642,0.774240587254222
0.0796241006156835,0.8131247800155373
0.0797190041921025,0.8748949187043561
0.07981390776852179,0.823675482830385
0.07990881134494109,0.825366100029486
0.08000371492136009,0.8616830593238927
0.08009861849777938,0.8063936194644126
0.08019352207419868,0.8193550170694107
0.08028842565061739,0.8405190380221944
0.08038332922703668,0.8030123854151122
0.08047823280345598,0.8855395447923617
0.08057313637987527,0.858802748758424
0.08066803995629428,0.8883572399005443
0.08076294353271328,0.820419479695657
0.08085784710913291,0.8164747063429044
0.08095275068555191,0.9022578692306363
0.08104765426197087,0.8224231739664783
0.08114255783839021,0.82473994555057
0.0812374614148095,0.8697604520255018
0.08133236499122817,0.8139700885479921
0.0814272685676478,0.8073954667004717
0.0815221721440668,0.8874180080949317
0.0816170757204861,0.8587401334084962
0.0817119792969054,0.784853905580035
0.0818068828733244,0.941517754695409
0.0819017864497434,0.8159737827382947
0.08199669002616299,0.8829096960426112
0.0820915936025817,0.8892964715316996
0.08218649717900099,0.8387031902440095
0.08228140075542,0.8341948780172382
0.08237630433183958,0.798754534977226
0.08247120790825858,0.847156275581977
0.08256611148467759,0.7825997495605814
0.08266101506109688,0.7879846779478086
0.08275591863751589,0.8229240975039892
0.08285082221393518,0.8610569049523283
0.08294572579035447,0.7832259039321522
0.08304062936677348,0.824489483681166
0.08313553294319277,0.8212334804927588
0.08323043651961211,0.7417118624345127
0.08332534009603107,0.8227988666699357
0.08342024367245007,0.6986324347999556
0.0835151472488697,0.6643817851531443
0.0836100508252887,0.7628758837227912
0.0837049544017077,0.6337628313713578
0.08379985797812671,0.6441569956570585
0.083894761554546,0.6810374940267744
0.0839896651309653,0.607965267384589
0.0840845687073843,0.6130997338084673
0.0841794722838036,0.6985072039524758
0.08427437586022289,0.5617550670333438
0.0843692794366419,0.5629447607620394
0.0844641830130609,0.5337033467318923
0.08455908658948019,0.500141467061549
0.08465399016589949,0.5017694687094318
0.08474889374231849,0.4115406091998326
0.08484379731873778,0.44541556614318667
0.08493870089515708,0.3778534986417567
0.08503360447157608,0.2936357222666966
0.08512850804799509,0.39382043753891866
0.08522341162441467,0.2826780188654208
0.08531831520083338,0.3482990074862166
0.08541321877725301,0.32093605714781354
0.08550812235367197,0.240850900027665
0.08560302593009098,0.22745119443638723
0.08569792950651027,0.23145858301829592
0.08579283308292927,0.1640843617276802
0.08588773665934861,0.08399920479541531
0.0859826402357679,0.11693492998683594
0.08607754381218691,-0.034156144060803716
0.0861724473886065,0.038227312967247934
0.0862673509650255,0.050061632260577194
0.0863622545414445,-0.07880095803357519
0.0864571581178635,0.010238207921785751
0.0865520616942828,-0.0427970759316671
0.08664696527070209,-0.06590217589928293
0.08674186884712139,-0.08856896782693345
0.0868367724235401,-0.14053978896019492
0.08693167599995968,-0.24673558746090127
0.08702657957637869,-0.22882756964284567
0.08712148315279769,-0.23208357285809253
0.08721638672921699,-0.3322056730353629
0.08731129030563628,-0.3072847248735486
0.08740619388205528,-0.3802317210037555
0.08750109745847458,-0.3771635641469407
0.08759600103489358,-0.36645632256139615
0.08769090461131288,-0.36144708683736687
0.08778580818773217,-0.36082093245239594
0.08788071176415117,-0.49638337556230705
0.08797561534057051,-0.4280073072772016
0.08807051891698947,-0.5263761748383378
0.08816542249340847,-0.5434701918995509
0.08826032606982781,-0.5971942456489532
0.08835522964624677,-0.5914962399753084
0.0884501332226664,-0.614601340023443
0.0885450367990854,-0.6799718669090263
0.0886399403755044,-0.5947522431771289
0.0887348439519237,-0.656804151443865
0.0888297475283427,-0.7402705425730479
0.088924651104762,-0.596505475672485
0.08901955468118129,-0.6676366238768894
0.0891144582576003,-0.8117147677418013
0.08920936183401988,-0.7194195985980462
0.08930426541043888,-0.7460311637174051
0.08939916898685789,-0.8416449516008052
0.08949407256327718,-0.7595561002366814
0.08958897613969648,-0.8052027612173756
0.08968387971611548,-0.8933653110793861
0.08977878329253478,-0.8198547760483208
0.08987368686895378,-0.8521643467473989
0.08996859044537278,-0.8706359036541901
0.09006349402179208,-0.8034495288293778
0.09015839759821108,-0.8070812246944028
0.09025330117463037,-0.934503659833309
0.09034820475104971,-0.8285583230543953
0.09044310832746867,-0.9198516452439199
0.09053801190388801,-0.9520359850686854
0.09063291548030701,-0.8944297735580212
0.0907278190567263,-0.9519733696650784
0.0908227226331456,-0.9788353963988716
0.0909176262095646,-0.8993763939186898
0.0910125297859839,-0.9201647224498318
0.0911074333624029,-0.9802129364189068
0.0912023369388219,-0.8438991076068325
0.09129724051524149,-0.9052622458836806
0.0913921440916605,-0.9637450738097768
0.09148704766807979,-0.8814057605359897
0.09158195124449879,-0.9290561159485428
0.0916768548209178,-1.0033806517364505
0.09177175839733709,-0.8771479101920421
0.09186666197375638,-0.9412661281600461
0.09196156555017539,-0.9585479915931175
0.09205646912659468,-0.9037594752979878
0.09215137270301368,-0.8879177671141012
0.09224627627943327,-0.9408278198919442
0.09234117985585227,-0.8406431044586846
0.09243608343227128,-0.8244883191762445
0.09253098700869028,-0.9030707052007415
0.09262589058510957,-0.7814715068379361
0.09272079416152891,-0.8670668232196116
0.0928156977379482,-0.851851269487808
0.09291060131436721,-0.8360095613307609
0.0930055048907865,-0.7990038320062135
0.0931004084672055,-0.8665658996418414
0.09319531204362451,-0.7171654424980738
0.0932902156200438,-0.8097110736051844
0.0933851191964631,-0.7094011269755368
0.0934800227728821,-0.6538612253137518
0.0935749263493014,-0.7355117686110707
0.0936698299257204,-0.6644432360518296
0.0937647335021397,-0.6467856797811095
0.09385963707855899,-0.6579312294066259
0.09395454065497799,-0.6440306001973054
0.09404944423139729,-0.5802254594620528
0.09414434780781658,-0.6316953570712298
0.09423925138423558,-0.5700817570054967
0.09433415496065488,-0.5045233836809495
0.09442905853707388,-0.5321367958619168
0.09452396211349318,-0.4961955292978136
0.09461886568991247,-0.3775392567833056
0.09471376926633147,-0.45029840638061663
0.09480867284275048,-0.4209317616506141
0.09490357641916977,-0.31003980469890235
0.09499847999558877,-0.4095357503435709
0.09509338357200807,-0.26952761022260524
0.09518828714842707,-0.3292627467844716
0.09528319072484641,-0.24635989487822207
0.0953780943012657,-0.26019790863024983
0.0954729978776847,-0.2325844964761221
0.095567901454104,-0.15400211008929066
0.0956628050305233,-0.13383993615784942
0.0957577086069423,-0.05419308721187065
0.0958526121833616,-0.08988389221522525
0.0959475157597806,-0.03315429697236231
0.09604241933619989,-0.032966450613923746
0.09613732291261919,0.022448220186968224
0.0962322264890379,0.11649662198713003
0.09632713006545719,-0.018189205096542767
0.09642203364187649,0.17115990730058855
0.09651693721829549,0.1690935975188019
0.09661184079471478,0.13327756176191258
0.09670674437113408,0.28054909358609526
0.09680164794755308,0.19532946997496944
0.09689655152397238,0.3019009611657068
0.09699145510039138,0.38373935068726633
0.09708635867681067,0.3873084311352646
0.09718126225322968,0.38311319615465794
0.09727616582964897,0.42832154904171416
0.09737106940606831,0.451238802677731
0.09746597298248727,0.4473566450372407
0.0975608765589066,0.5997626436878889
0.09765578013532561,0.49926485083400074
0.09775068371174457,0.5350808865640505
0.09784558728816391,0.6684517892728512
0.0979404908645832,0.5817293948613225
0.0980353944410022,0.7029529006548686
0.0981302980174215,0.7430267868899034
0.0982252015938408,0.7571778778612628
0.09832010517026009,0.7485369461916963
0.09841500874667909,0.8373256504252712
0.0985099123230981,0.8266184088665597
0.0986048158995171,0.8092739300835604
0.09869971947593668,0.8580513633649292
0.09879462305235569,0.845152581311149
0.09888952662877498,0.855484130085891
0.09898443020519399,0.7998816129399803
0.09907933378161328,0.921355580549251
0.09917423735803257,0.8763350741011587
0.09926914093445129,0.8055796186673108
0.09936404451087058,0.9653116245589741
0.09945894808728988,0.8423348860821949
0.09955385166370888,0.8419591935800279
0.09964875524012817,0.8768986129483379
0.09974365881654751,0.8382648820966924
0.09983856239296647,0.8447768886479576
0.0999334659693858,0.9180995771998063
0.1000283695458051,0.7949349927269228
0.1001232731222241,0.8179148617262872
0.1002181766986434,0.8961841708937871
0.1003130802750624,0.8163494755356906
0.1004079838514817,0.8681950658885843
0.1005028874279007,0.8799041543746997
0.10059779100432,0.9040737173040632
0.100692694580739,0.9114623399620987
0.10078759815715829,0.8229867130283742
0.10088250173357759,0.907016643125508
0.10097740530999659,0.8127803951413715
0.10107230888641588,0.8393919601533787
0.10116721246283518,0.8902983187945983
0.10126211603925389,0.7942462226833558
0.10135701961567348,0.824489483815364
0.10145192319209248,0.8955580163075061
0.10154682676851148,0.7914285276020128
0.10164173034493078,0.80157222999147
0.10173663392135007,0.9253003537275463
0.10183153749776908,0.8197933252704135
0.10192644107418837,0.7867323689631237
0.10202134465060737,0.8586775179109507
0.10211624822702671,0.7831006730980987
0.102211151803446,0.7661945023684845
0.10230605537986467,0.6953764314639307
0.10240095895628401,0.7625001910327537
0.1024958625327033,0.7179806078403564
0.1025907661091226,0.6461606900083987
0.1026856696855416,0.7452183275325832
0.1027805732619609,0.656429623352681
0.10287547683838019,0.6740245639648312
0.1029703804147992,0.7222384584661198
0.1030652839912182,0.6431551484612588
0.10316018756763749,0.5434087410679644
0.10325509114405679,0.6387720672027389
0.10334999472047579,0.5490441313380088
0.10344489829689509,0.49024822643413735
0.10353980187331409,0.5390882752667308
0.10363470544973338,0.4129807644758571
0.10372960902615268,0.4299495507969553
0.10382451260257139,0.42450200675115163
0.10391941617899068,0.40903599140492025
0.10401431975540998,0.4239384677563547
0.10410922333182927,0.3668957952673205
0.10420412690824861,0.3853047367973442
0.10429903048466757,0.23220996839836444
0.10439393406108691,0.34053469199051273
0.10448883763750591,0.2095431765109733
0.10458374121392487,0.2008396293707009
0.10467864479034421,0.13440463977834602
0.1047735483667635,0.14611372837181974
0.1048684519431825,0.15926297236209608
0.1049633555196018,-0.03553368405399937
0.1050582590960208,0.16596282533890544
0.1051531626724401,0.03710023473610434
0.10524806624885939,0.017752061534652853
0.1053429698252781,0.02463976082965451
0.10543787340169769,-0.014557509137579208
0.10553277697811698,-0.0875671206177139
0.1056276805545357,-0.0717254125277658
0.10572258413095528,-0.1449228702858203
0.10581748770737429,-0.2309564948282393
0.10591239128379358,-0.13459132148424532
0.10600729486021288,-0.30146148836584385
0.10610219843663188,-0.33996998837002923
0.10619710201305088,-0.1771072102447836
0.10629200558947018,-0.3699001721350816
0.10638690916588918,-0.3166770420573881
0.10648181274230847,-0.27259576718677847
0.10657671631872748,-0.4054657463043827
0.10667161989514677,-0.35299400135179476
0.10676652347156611,-0.39344358037079263
0.10686142704798511,-0.49688429924744215
0.1069563306244044,-0.5263761747041398
0.10705123420082341,-0.48185659195459585
